location,avg_temperature,avg_humidity
BuildingA_Floor2,25.197109374999997,54.51
BuildingB_Floor2,25.113117408906877,54.682105263157894
BuildingB_Floor1,24.85833992094862,55.36434782608691
BuildingA_Floor1,24.195327868852466,57.1081147540984
