sensor_id,avg_temp,rank_temp
1000,29.313,1
1045,28.72125,2
1099,28.433333333333334,3
1078,28.298000000000002,4
1006,28.10571428571429,5
